,city,region,federal_district,population_new
0,Абаза,Хакасия,Сибирский,12272
1,Абакан,Хакасия,Сибирский,184769
2,Абдулино,Оренбургская область,Приволжский,17274
3,Абинск,Краснодарский край,Южный,39511
4,Агидель,Башкортостан,Приволжский,14219
5,Агрыз,Татарстан,Приволжский,19991
6,Адыгейск,Адыгея,Южный,13175
7,Азнакаево,Татарстан,Приволжский,34750
8,Азов,Ростовская область,Южный,81924
9,Ак-Довурак,Тыва,Сибирский,12456
10,Аксай,Ростовская область,Южный,48372
11,Алагир,Северная Осетия,Северо-Кавказский,21550
12,Алапаевск,Свердловская область,Уральский,36189
13,Алатырь,Чувашия,Приволжский,32265
14,Алдан,Якутия,Дальневосточный,21590
15,Алейск,Алтайский край,Сибирский,25380
16,Александров,Владимирская область,Центральный,57053
17,Александровск,Пермский край,Приволжский,10780
18,Александровск-Сахалинский,Сахалинская область,Дальневосточный,8854
19,Алексеевка,Белгородская область,Центральный,36578
20,Алексин,Тульская область,Центральный,60842
21,Алзамай,Иркутская область,Сибирский,5373
22,Алупкане призн.,Крым,Южный,9063
23,Алуштане призн.,Крым,Южный,31364
24,Альметьевск,Татарстан,Приволжский,163512
25,Амурск,Хабаровский край,Дальневосточный,38606
26,Анадырь,Чукотский АО,Дальневосточный,13202
27,Анапа,Краснодарский край,Южный,81863
28,Ангарск,Иркутская область,Сибирский,221296
29,Андреаполь,Тверская область,Центральный,6956
30,Анжеро-Судженск,Кемеровская область,Сибирский,66583
31,Анива,Сахалинская область,Дальневосточный,9638
32,Апатиты,Мурманская область,Северо-Западный,49647
33,Апрелевка,Московская область,Центральный,35514
34,Апшеронск,Краснодарский край,Южный,40289
35,Арамиль,Свердловская область,Уральский,19013
36,Аргун,Чечня,Северо-Кавказский,41622
37,Ардатов,Мордовия,Приволжский,8857
38,Ардон,Северная Осетия,Северо-Кавказский,18956
39,Арзамас,Нижегородская область,Приволжский,104908
40,Аркадак,Саратовская область,Приволжский,10990
41,Армавир,Краснодарский край,Южный,187177
42,Армянскне призн.,Крым,Южный,20692
43,Арсеньев,Приморский край,Дальневосточный,47937
44,Арск,Татарстан,Приволжский,20421
45,Артём,Приморский край,Дальневосточный,109556
46,Артёмовск,Красноярский край,Сибирский,1510
47,Артёмовский,Свердловская область,Уральский,28943
48,Архангельск,Архангельская область,Северо-Западный,301199
49,Асбест,Свердловская область,Уральский,57317
50,Асино,Томская область,Сибирский,24913
51,Астрахань,Астраханская область,Южный,475629
52,Аткарск,Саратовская область,Приволжский,22709
53,Ахтубинск,Астраханская область,Южный,35635
54,Ачинск,Красноярский край,Сибирский,100621
55,Ачхой-Мартан,Чечня,Северо-Кавказский,30739
56,Аша,Челябинская область,Уральский,27890
57,Бабаево,Вологодская область,Северо-Западный,11739
58,Бабушкин,Бурятия,Сибирский,4368
59,Бавлы,Татарстан,Приволжский,21628
60,Багратионовск,Калининградская область,Северо-Западный,6417
61,Байкальск,Иркутская область,Сибирский,13199
62,Баймак,Башкортостан,Приволжский,17833
63,Бакал,Челябинская область,Уральский,16345
64,Баксан,Кабардино-Балкария,Северо-Кавказский,39593
65,Балабаново,Калужская область,Центральный,29029
1118,Балаклаване призн.,Севастополь,Южный,35
66,Балаково,Саратовская область,Приволжский,184466
67,Балахна,Нижегородская область,Приволжский,48569
68,Балашиха,Московская область,Центральный,520962
69,Балашов,Саратовская область,Приволжский,74057
70,Балей,Забайкальский край,Сибирский,10286
71,Балтийск,Калининградская область,Северо-Западный,26796
72,Барабинск,Новосибирская область,Сибирский,27648
73,Барнаул,Алтайский край,Сибирский,630877
74,Барыш,Ульяновская область,Приволжский,14924
75,Батайск,Ростовская область,Южный,126988
76,Бахчисарайне призн.,Крым,Южный,28609
77,Бежецк,Тверская область,Центральный,21466
78,Белая Калитва,Ростовская область,Южный,40448
79,Белая Холуница,Кировская область,Приволжский,9659
80,Белгород,Белгородская область,Центральный,339978
81,Белебей,Башкортостан,Приволжский,59195
83,Белинский,Пензенская область,Приволжский,8656
84,Белово,Кемеровская область,Сибирский,68542
85,Белогорск,Амурская область,Дальневосточный,61440
86,Белогорскне призн.,Крым,Южный,17445
87,Белозерск,Вологодская область,Северо-Западный,8375
88,Белокуриха,Алтайский край,Сибирский,14735
89,Беломорск,Карелия,Северо-Западный,7708
90,Белоозёрский,Московская область,Центральный,13737
91,Белорецк,Башкортостан,Приволжский,64525
92,Белореченск,Краснодарский край,Южный,55870
93,Белоусово,Калужская область,Центральный,10946
94,Белоярский,Ханты-Мансийский АО,Уральский,19994
95,Белый,Тверская область,Центральный,3125
82,Белёв,Тульская область,Центральный,12846
96,Бердск,Новосибирская область,Сибирский,102850
97,Березники,Пермский край,Приволжский,138069
98,Берёзовский,Кемеровская область,Сибирский,44932
99,Берёзовский,Свердловская область,Уральский,59698
100,Беслан,Северная Осетия,Северо-Кавказский,35929
101,Бийск,Алтайский край,Сибирский,183852
102,Бикин,Хабаровский край,Дальневосточный,16240
103,Билибино,Чукотский АО,Дальневосточный,5546
104,Биробиджан,Еврейская АО,Дальневосточный,70064
105,Бирск,Башкортостан,Приволжский,44295
106,Бирюсинск,Иркутская область,Сибирский,8632
107,Бирюч,Белгородская область,Центральный,7114
108,Благовещенск,Башкортостан,Приволжский,35481
109,Благовещенск,Амурская область,Дальневосточный,241437
110,Благодарный,Ставропольский край,Северо-Кавказский,30827
111,Бобров,Воронежская область,Центральный,20871
112,Богданович,Свердловская область,Уральский,30142
113,Богородицк,Тульская область,Центральный,29560
114,Богородск,Нижегородская область,Приволжский,35068
115,Боготол,Красноярский край,Сибирский,18206
116,Богучар,Воронежская область,Центральный,14370
117,Бодайбо,Иркутская область,Сибирский,8921
118,Бокситогорск,Ленинградская область,Северо-Западный,16185
119,Болгар,Татарстан,Приволжский,8285
120,Бологое,Тверская область,Центральный,20234
121,Болотное,Новосибирская область,Сибирский,15644
122,Болохово,Тульская область,Центральный,9339
123,Болхов,Орловская область,Центральный,9495
124,Большой Камень,Приморский край,Дальневосточный,41825
125,Бор,Нижегородская область,Приволжский,78372
126,Борзя,Забайкальский край,Сибирский,29596
127,Борисоглебск,Воронежская область,Центральный,60687
128,Боровичи,Новгородская область,Северо-Западный,47883
129,Боровск,Калужская область,Центральный,12598
130,Бородино,Красноярский край,Сибирский,15174
131,Братск,Иркутская область,Сибирский,224071
132,Бронницы,Московская область,Центральный,21831
133,Брянск,Брянская область,Центральный,379152
134,Бугульма,Татарстан,Приволжский,81677
135,Бугуруслан,Оренбургская область,Приволжский,43593
136,Будённовск,Ставропольский край,Северо-Кавказский,58103
137,Бузулук,Оренбургская область,Приволжский,88341
138,Буинск,Татарстан,Приволжский,19968
139,Буй,Костромская область,Центральный,20564
140,Буйнакск,Дагестан,Северо-Кавказский,68121
141,Бутурлиновка,Воронежская область,Центральный,24397
142,Валдай,Новгородская область,Северо-Западный,14074
143,Валуйки,Белгородская область,Центральный,33032
144,Велиж,Смоленская область,Центральный,6293
145,Великие Луки,Псковская область,Северо-Западный,86711
146,Великий Новгород,Новгородская область,Северо-Западный,224286
147,Великий Устюг,Вологодская область,Северо-Западный,28670
148,Вельск,Архангельская область,Северо-Западный,21613
149,Венёв,Тульская область,Центральный,12668
150,Верещагино,Пермский край,Приволжский,22239
151,Верея,Московская область,Центральный,4906
152,Верхнеуральск,Челябинская область,Уральский,8929
153,Верхний Тагил,Свердловская область,Уральский,10113
154,Верхний Уфалей,Челябинская область,Уральский,22981
155,Верхняя Пышма,Свердловская область,Уральский,71335
156,Верхняя Салда,Свердловская область,Уральский,41034
157,Верхняя Тура,Свердловская область,Уральский,8554
158,Верхотурье,Свердловская область,Уральский,6706
159,Верхоянск,Якутия,Дальневосточный,828
160,Весьегонск,Тверская область,Центральный,6330
161,Ветлуга,Нижегородская область,Приволжский,7681
162,Видное,Московская область,Центральный,101490
163,Вилюйск,Якутия,Дальневосточный,10032
164,Вилючинск,Камчатский край,Дальневосточный,21774
165,Вихоревка,Иркутская область,Сибирский,21719
166,Вичуга,Ивановская область,Центральный,30694
167,Владивосток,Приморский край,Дальневосточный,603519
168,Владикавказ,Северная Осетия,Северо-Кавказский,295830
169,Владимир,Владимирская область,Центральный,349951
170,Волгоград,Волгоградская область,Южный,1028036
171,Волгодонск,Ростовская область,Южный,168048
172,Волгореченск,Костромская область,Центральный,14355
173,Волжск,Марий Эл,Приволжский,53013
174,Волжский,Волгоградская область,Южный,321479
175,Вологда,Вологодская область,Северо-Западный,313944
176,Володарск,Нижегородская область,Приволжский,9705
177,Волоколамск,Московская область,Центральный,26389
178,Волосово,Ленинградская область,Северо-Западный,11931
179,Волхов,Ленинградская область,Северо-Западный,38511
180,Волчанск,Свердловская область,Уральский,8573
181,Вольск,Саратовская область,Приволжский,55035
182,Воркута,Коми,Северо-Западный,56985
183,Воронеж,Воронежская область,Центральный,1057681
184,Ворсма,Нижегородская область,Приволжский,10162
185,Воскресенск,Московская область,Центральный,95495
186,Воткинск,Удмуртия,Приволжский,97471
187,Всеволожск,Ленинградская область,Северо-Западный,79038
188,Вуктыл,Коми,Северо-Западный,9322
189,Выборг,Ленинградская область,Северо-Западный,72530
190,Выкса,Нижегородская область,Приволжский,45240
191,Высоковск,Московская область,Центральный,13081
192,Высоцк,Ленинградская область,Северо-Западный,1129
193,Вытегра,Вологодская область,Северо-Западный,10386
194,Вышний Волочёк,Тверская область,Центральный,45830
195,Вяземский,Хабаровский край,Дальневосточный,12775
196,Вязники,Владимирская область,Центральный,36203
197,Вязьма,Смоленская область,Центральный,51950
198,Вятские Поляны,Кировская область,Приволжский,29742
199,Гаврилов Посад,Ивановская область,Центральный,5429
200,Гаврилов-Ям,Ярославская область,Центральный,16084
201,Гагарин,Смоленская область,Центральный,26500
202,Гаджиево,Мурманская область,Северо-Западный,9297
203,Гай,Оренбургская область,Приволжский,33280
204,Галич,Костромская область,Центральный,12856
205,Гатчина,Ленинградская область,Северо-Западный,94377
206,Гвардейск,Калининградская область,Северо-Западный,14122
207,Гдов,Псковская область,Северо-Западный,3455
208,Геленджик,Краснодарский край,Южный,80204
209,Георгиевск,Ставропольский край,Северо-Кавказский,63221
210,Глазов,Удмуртия,Приволжский,87762
211,Голицыно,Московская область,Центральный,22733
212,Горбатов,Нижегородская область,Приволжский,2009
213,Горно-Алтайск,Алтай,Сибирский,65342
214,Горнозаводск,Пермский край,Приволжский,11073
215,Горняк,Алтайский край,Сибирский,10112
216,Городец,Нижегородская область,Приволжский,28660
217,Городище,Пензенская область,Приволжский,7796
218,Городовиковск,Калмыкия,Южный,8285
219,Гороховец,Владимирская область,Центральный,12666
220,Горячий Ключ,Краснодарский край,Южный,40903
221,Грайворон,Белгородская область,Центральный,6179
222,Гремячинск,Пермский край,Приволжский,8360
223,Грозный,Чечня,Северо-Кавказский,328533
224,Грязи,Липецкая область,Центральный,43908
225,Грязовец,Вологодская область,Северо-Западный,14505
226,Губаха,Пермский край,Приволжский,23397
227,Губкин,Белгородская область,Центральный,85225
228,Губкинский,Ямало-Ненецкий АО,Уральский,33273
229,Гудермес,Чечня,Северо-Кавказский,64376
230,Гуково,Ростовская область,Южный,60361
231,Гулькевичи,Краснодарский край,Южный,33357
233,Гурьевск,Кемеровская область,Сибирский,22134
232,Гурьевск,Калининградская область,Северо-Западный,26760
234,Гусев,Калининградская область,Северо-Западный,29234
235,Гусиноозёрск,Бурятия,Сибирский,24451
236,Гусь-Хрустальный,Владимирская область,Центральный,51552
237,Давлеканово,Башкортостан,Приволжский,21834
238,Дагестанские Огни,Дагестан,Северо-Кавказский,31412
239,Далматово,Курганская область,Уральский,11584
240,Дальнегорск,Приморский край,Дальневосточный,33655
241,Дальнереченск,Приморский край,Дальневосточный,23613
242,Данилов,Ярославская область,Центральный,13677
243,Данков,Липецкая область,Центральный,19726
244,Дегтярск,Свердловская область,Уральский,15497
245,Дедовск,Московская область,Центральный,30731
246,Демидов,Смоленская область,Центральный,6326
247,Дербент,Дагестан,Северо-Кавказский,124953
248,Десногорск,Смоленская область,Центральный,25345
249,Джанкойне призн.,Крым,Южный,37014
250,Дзержинск,Нижегородская область,Приволжский,218630
251,Дзержинский,Московская область,Центральный,57918
252,Дивногорск,Красноярский край,Сибирский,27477
253,Дигора,Северная Осетия,Северо-Кавказский,9922
254,Димитровград,Ульяновская область,Приволжский,110968
255,Дмитриев,Курская область,Центральный,6317
256,Дмитров,Московская область,Центральный,65574
257,Дмитровск,Орловская область,Центральный,5202
258,Дно,Псковская область,Северо-Западный,7850
259,Добрянка,Пермский край,Приволжский,28782
260,Долгопрудный,Московская область,Центральный,120907
261,Долинск,Сахалинская область,Дальневосточный,11740
262,Домодедово,Московская область,Центральный,152404
263,Донецк,Ростовская область,Южный,46623
264,Донской,Тульская область,Центральный,63837
265,Дорогобуж,Смоленская область,Центральный,9528
266,Дрезна,Московская область,Центральный,12295
267,Дубна,Московская область,Центральный,74183
268,Дубовка,Волгоградская область,Южный,14779
269,Дудинка,Красноярский край,Сибирский,19556
270,Духовщина,Смоленская область,Центральный,3990
271,Дюртюли,Башкортостан,Приволжский,31185
272,Дятьково,Брянская область,Центральный,25255
273,Евпаторияне призн.,Крым,Южный,107877
274,Егорьевск,Московская область,Центральный,71686
275,Ейск,Краснодарский край,Южный,82943
276,Екатеринбург,Свердловская область,Уральский,1544376
277,Елабуга,Татарстан,Приволжский,73630
278,Елец,Липецкая область,Центральный,99875
279,Елизово,Камчатский край,Дальневосточный,36240
280,Ельня,Смоленская область,Центральный,8332
281,Еманжелинск,Челябинская область,Уральский,27632
282,Емва,Коми,Северо-Западный,10994
283,Енисейск,Красноярский край,Сибирский,17537
284,Ермолино,Калужская область,Центральный,10809
285,Ершов,Саратовская область,Приволжский,18095
286,Ессентуки,Ставропольский край,Северо-Кавказский,119658
287,Ефремов,Тульская область,Центральный,36545
288,Железноводск,Ставропольский край,Северо-Кавказский,22863
290,Железногорск,Курская область,Центральный,97038
289,Железногорск,Красноярский край,Сибирский,82723
291,Железногорск-Илимский,Иркутская область,Сибирский,21621
292,Жердевка,Тамбовская область,Центральный,13883
293,Жигулёвск,Самарская область,Приволжский,50466
294,Жиздра,Калужская область,Центральный,5545
295,Жирновск,Волгоградская область,Южный,15555
296,Жуков,Калужская область,Центральный,16224
297,Жуковка,Брянская область,Центральный,17628
298,Жуковский,Московская область,Центральный,111222
299,Завитинск,Амурская область,Дальневосточный,9615
300,Заводоуковск,Тюменская область,Уральский,27100
301,Заволжск,Ивановская область,Центральный,8896
302,Заволжье,Нижегородская область,Приволжский,36763
303,Задонск,Липецкая область,Центральный,9887
304,Заинск,Татарстан,Приволжский,39739
305,Закаменск,Бурятия,Сибирский,11365
306,Заозёрный,Красноярский край,Сибирский,10573
307,Заозёрск,Мурманская область,Северо-Западный,7762
308,Западная Двина,Тверская область,Центральный,7869
309,Заполярный,Мурманская область,Северо-Западный,14791
310,Зарайск,Московская область,Центральный,20736
311,Заречный,Пензенская область,Приволжский,58510
312,Заречный,Свердловская область,Уральский,28112
313,Заринск,Алтайский край,Сибирский,41272
314,Звенигово,Марий Эл,Приволжский,10994
315,Звенигород,Московская область,Центральный,35842
316,Зверево,Ростовская область,Южный,19353
317,Зеленогорск,Красноярский край,Сибирский,54279
1119,Зеленогорск,Санкт-Петербург,Северо-Западный,15613
1120,Зеленоград,Москва,Центральный,256775
318,Зеленоградск,Калининградская область,Северо-Западный,16625
319,Зеленодольск,Татарстан,Приволжский,99137
320,Зеленокумск,Ставропольский край,Северо-Кавказский,33187
321,Зерноград,Ростовская область,Южный,24076
322,Зея,Амурская область,Дальневосточный,19414
323,Зима,Иркутская область,Сибирский,30640
324,Златоуст,Челябинская область,Уральский,161774
325,Злынка,Брянская область,Центральный,5270
326,Змеиногорск,Алтайский край,Сибирский,9410
327,Знаменск,Астраханская область,Южный,24628
328,Зубцов,Тверская область,Центральный,6217
329,Зуевка,Кировская область,Приволжский,9767
330,Ивангород,Ленинградская область,Северо-Западный,9861
331,Иваново,Ивановская область,Центральный,361644
332,Ивантеевка,Московская область,Центральный,82827
333,Ивдель,Свердловская область,Уральский,14306
334,Игарка,Красноярский край,Сибирский,3634
335,Ижевск,Удмуртия,Приволжский,623472
336,Избербаш,Дагестан,Северо-Кавказский,55996
337,Изобильный,Ставропольский край,Северо-Кавказский,38614
338,Иланский,Красноярский край,Сибирский,15945
339,Инза,Ульяновская область,Приволжский,16293
1121,Инкерманне призн.,Севастополь,Южный,13858
340,Иннополис,Татарстан,Приволжский,3955
341,Инсар,Мордовия,Приволжский,7920
342,Инта,Коми,Северо-Западный,20271
343,Ипатово,Ставропольский край,Северо-Кавказский,26122
344,Ирбит,Свердловская область,Уральский,37009
345,Иркутск,Иркутская область,Сибирский,617264
346,Исилькуль,Омская область,Сибирский,20515
347,Искитим,Новосибирская область,Сибирский,57147
348,Истра,Московская область,Центральный,37474
349,Ишим,Тюменская область,Уральский,67614
350,Ишимбай,Башкортостан,Приволжский,64041
351,Йошкар-Ола,Марий Эл,Приволжский,281248
352,Кадников,Вологодская область,Северо-Западный,4106
353,Казань,Татарстан,Приволжский,1308660
354,Калач,Воронежская область,Центральный,17624
355,Калач-на-Дону,Волгоградская область,Южный,24277
356,Калачинск,Омская область,Сибирский,21378
357,Калининград,Калининградская область,Северо-Западный,490449
358,Калининск,Саратовская область,Приволжский,14949
359,Калтан,Кемеровская область,Сибирский,21752
360,Калуга,Калужская область,Центральный,337058
361,Калязин,Тверская область,Центральный,12621
362,Камбарка,Удмуртия,Приволжский,10080
363,Каменка,Пензенская область,Приволжский,33491
364,Каменногорск,Ленинградская область,Северо-Западный,7160
365,Каменск-Уральский,Свердловская область,Уральский,164192
366,Каменск-Шахтинский,Ростовская область,Южный,86365
367,Камень-на-Оби,Алтайский край,Сибирский,32385
368,Камешково,Владимирская область,Центральный,12028
369,Камызяк,Астраханская область,Южный,16154
370,Камышин,Волгоградская область,Южный,107927
371,Камышлов,Свердловская область,Уральский,27117
372,Канаш,Чувашия,Приволжский,44354
373,Кандалакша,Мурманская область,Северо-Западный,29138
374,Канск,Красноярский край,Сибирский,86816
375,Карабаново,Владимирская область,Центральный,13150
376,Карабаш,Челябинская область,Уральский,10514
377,Карабулак,Ингушетия,Северо-Кавказский,43037
378,Карасук,Новосибирская область,Сибирский,24890
379,Карачаевск,Карачаево-Черкесия,Северо-Кавказский,23867
380,Карачев,Брянская область,Центральный,17449
381,Каргат,Новосибирская область,Сибирский,8316
382,Каргополь,Архангельская область,Северо-Западный,8849
383,Карпинск,Свердловская область,Уральский,25879
384,Карталы,Челябинская область,Уральский,27103
385,Касимов,Рязанская область,Центральный,28443
386,Касли,Челябинская область,Уральский,15383
387,Каспийск,Дагестан,Северо-Кавказский,121140
388,Катав-Ивановск,Челябинская область,Уральский,14663
389,Катайск,Курганская область,Уральский,11881
390,Качканар,Свердловская область,Уральский,37307
391,Кашин,Тверская область,Центральный,14113
392,Кашира,Московская область,Центральный,45922
393,Кедровый,Томская область,Сибирский,1818
394,Кемерово,Кемеровская область,Сибирский,557119
395,Кемь,Карелия,Северо-Западный,10018
396,Керчьне призн.,Крым,Южный,154621
397,Кизел,Пермский край,Приволжский,15619
398,Кизилюрт,Дагестан,Северо-Кавказский,38335
399,Кизляр,Дагестан,Северо-Кавказский,49999
400,Кимовск,Тульская область,Центральный,26475
401,Кимры,Тверская область,Центральный,40875
402,Кингисепп,Ленинградская область,Северо-Западный,49716
403,Кинель,Самарская область,Приволжский,36729
404,Кинешма,Ивановская область,Центральный,77694
405,Киреевск,Тульская область,Центральный,25560
406,Киренск,Иркутская область,Сибирский,10998
407,Киржач,Владимирская область,Центральный,27318
408,Кириллов,Вологодская область,Северо-Западный,7149
409,Кириши,Ленинградская область,Северо-Западный,51028
410,Киров,Калужская область,Центральный,28097
411,Киров,Кировская область,Приволжский,468212
412,Кировград,Свердловская область,Уральский,18698
413,Кирово-Чепецк,Кировская область,Приволжский,66651
415,Кировск,Мурманская область,Северо-Западный,24857
414,Кировск,Ленинградская область,Северо-Западный,27238
416,Кирс,Кировская область,Приволжский,8982
417,Кирсанов,Тамбовская область,Центральный,16164
418,Киселёвск,Кемеровская область,Сибирский,83431
419,Кисловодск,Ставропольский край,Северо-Кавказский,127521
420,Клин,Московская область,Центральный,88511
421,Клинцы,Брянская область,Центральный,63059
422,Княгинино,Нижегородская область,Приволжский,6447
423,Ковдор,Мурманская область,Северо-Западный,15770
424,Ковров,Владимирская область,Центральный,132417
425,Ковылкино,Мордовия,Приволжский,19793
426,Когалым,Ханты-Мансийский АО,Уральский,61441
427,Кодинск,Красноярский край,Сибирский,13324
428,Козельск,Калужская область,Центральный,16759
429,Козловка,Чувашия,Приволжский,7781
430,Козьмодемьянск,Марий Эл,Приволжский,19731
431,Кола,Мурманская область,Северо-Западный,9016
432,Кологрив,Костромская область,Центральный,2468
433,Коломна,Московская область,Центральный,134850
434,Колпашево,Томская область,Сибирский,20824
1122,Колпино,Санкт-Петербург,Северо-Западный,142108
435,Кольчугино,Владимирская область,Центральный,39410
436,Коммунар,Ленинградская область,Северо-Западный,25793
437,Комсомольск,Ивановская область,Центральный,8364
438,Комсомольск-на-Амуре,Хабаровский край,Дальневосточный,238505
439,Конаково,Тверская область,Центральный,33560
440,Кондопога,Карелия,Северо-Западный,25851
441,Кондрово,Калужская область,Центральный,15734
442,Константиновск,Ростовская область,Южный,17207
443,Копейск,Челябинская область,Уральский,147806
444,Кораблино,Рязанская область,Центральный,10334
445,Кореновск,Краснодарский край,Южный,41826
446,Коркино,Челябинская область,Уральский,37224
447,Королёв,Московская область,Центральный,228095
448,Короча,Белгородская область,Центральный,5623
449,Корсаков,Сахалинская область,Дальневосточный,33950
450,Коряжма,Архангельская область,Северо-Западный,34523
451,Костерёво,Владимирская область,Центральный,7113
452,Костомукша,Карелия,Северо-Западный,26048
453,Кострома,Костромская область,Центральный,267481
454,Котельники,Московская область,Центральный,63728
455,Котельниково,Волгоградская область,Южный,22016
456,Котельнич,Кировская область,Приволжский,20144
457,Котлас,Архангельская область,Северо-Западный,56093
458,Котово,Волгоградская область,Южный,21028
459,Котовск,Тамбовская область,Центральный,26694
460,Кохма,Ивановская область,Центральный,30940
461,Красавино,Вологодская область,Северо-Западный,5601
462,Красноармейск,Московская область,Центральный,26492
463,Красноармейск,Саратовская область,Приволжский,21350
464,Красновишерск,Пермский край,Приволжский,14460
465,Красногорск,Московская область,Центральный,187634
466,Краснодар,Краснодарский край,Южный,1099344
1123,Красное Село,Санкт-Петербург,Северо-Западный,56533
467,Краснозаводск,Московская область,Центральный,14639
468,Краснознаменск,Калининградская область,Северо-Западный,3419
469,Краснознаменск,Московская область,Центральный,43868
470,Краснокаменск,Забайкальский край,Сибирский,51137
471,Краснокамск,Пермский край,Приволжский,48778
472,Красноперекопскне призн.,Крым,Южный,25569
473,Краснослободск,Волгоградская область,Южный,16545
474,Краснослободск,Мордовия,Приволжский,8910
475,Краснотурьинск,Свердловская область,Уральский,55875
476,Красноуральск,Свердловская область,Уральский,21507
477,Красноуфимск,Свердловская область,Уральский,37301
478,Красноярск,Красноярский край,Сибирский,1187771
479,Красный Кут,Саратовская область,Приволжский,14296
480,Красный Сулин,Ростовская область,Южный,35697
481,Красный Холм,Тверская область,Центральный,4998
482,Кремёнки,Калужская область,Центральный,11745
1124,Кронштадт,Санкт-Петербург,Северо-Западный,44399
483,Кропоткин,Краснодарский край,Южный,75858
484,Крымск,Краснодарский край,Южный,54597
485,Кстово,Нижегородская область,Приволжский,63646
486,Кубинка,Московская область,Центральный,23146
487,Кувандык,Оренбургская область,Приволжский,26596
488,Кувшиново,Тверская область,Центральный,9262
489,Кудрово,Ленинградская область,Северо-Западный,60791
490,Кудымкар,Пермский край,Приволжский,28293
491,Кузнецк,Пензенская область,Приволжский,78390
492,Куйбышев,Новосибирская область,Сибирский,41946
493,Кукмор,Татарстан,Приволжский,17886
494,Кулебаки,Нижегородская область,Приволжский,32184
495,Кумертау,Башкортостан,Приволжский,57949
496,Кунгур,Пермский край,Приволжский,62673
497,Купино,Новосибирская область,Сибирский,15065
498,Курган,Курганская область,Уральский,310911
499,Курганинск,Краснодарский край,Южный,47305
500,Курильск,Сахалинская область,Дальневосточный,2530
501,Курлово,Владимирская область,Центральный,6309
502,Куровское,Московская область,Центральный,19857
503,Курск,Курская область,Центральный,440052
504,Куртамыш,Курганская область,Уральский,14806
505,Курчалой,Чечня,Северо-Кавказский,23425
506,Курчатов,Курская область,Центральный,40318
507,Куса,Челябинская область,Уральский,17136
508,Кушва,Свердловская область,Уральский,27306
509,Кызыл,Тыва,Сибирский,125241
510,Кыштым,Челябинская область,Уральский,36045
511,Кяхта,Бурятия,Сибирский,17877
512,Лабинск,Краснодарский край,Южный,57428
513,Лабытнанги,Ямало-Ненецкий АО,Уральский,25501
514,Лагань,Калмыкия,Южный,13834
515,Ладушкин,Калининградская область,Северо-Западный,3666
516,Лаишево,Татарстан,Приволжский,9076
517,Лакинск,Владимирская область,Центральный,12861
518,Лангепас,Ханты-Мансийский АО,Уральский,42701
519,Лахденпохья,Карелия,Северо-Западный,5952
520,Лебедянь,Липецкая область,Центральный,20049
521,Лениногорск,Татарстан,Приволжский,60993
522,Ленинск,Волгоградская область,Южный,13391
523,Ленинск-Кузнецкий,Кемеровская область,Сибирский,92244
524,Ленск,Якутия,Дальневосточный,21392
525,Лермонтов,Ставропольский край,Северо-Кавказский,22444
526,Лесной,Свердловская область,Уральский,48261
527,Лесозаводск,Приморский край,Дальневосточный,35433
528,Лесосибирск,Красноярский край,Сибирский,55730
529,Ливны,Орловская область,Центральный,43549
530,Ликино-Дулёво,Московская область,Центральный,34191
531,Липецк,Липецкая область,Центральный,496403
532,Липки,Тульская область,Центральный,8325
533,Лиски,Воронежская область,Центральный,54147
534,Лихославль,Тверская область,Центральный,11017
535,Лобня,Московская область,Центральный,82764
536,Лодейное Поле,Ленинградская область,Северо-Западный,18905
1125,Ломоносов,Санкт-Петербург,Северо-Западный,39147
537,Лосино-Петровский,Московская область,Центральный,29000
538,Луга,Ленинградская область,Северо-Западный,38407
539,Луза,Кировская область,Приволжский,9122
540,Лукоянов,Нижегородская область,Приволжский,12652
541,Луховицы,Московская область,Центральный,29889
542,Лысково,Нижегородская область,Приволжский,21657
543,Лысьва,Пермский край,Приволжский,53855
544,Лыткарино,Московская область,Центральный,65212
545,Льгов,Курская область,Центральный,17557
546,Любань,Ленинградская область,Северо-Западный,4565
547,Люберцы,Московская область,Центральный,224195
548,Любим,Ярославская область,Центральный,5037
549,Людиново,Калужская область,Центральный,35874
550,Лянтор,Ханты-Мансийский АО,Уральский,40977
551,Магадан,Магаданская область,Дальневосточный,90757
552,Магас,Ингушетия,Северо-Кавказский,15271
553,Магнитогорск,Челябинская область,Уральский,410594
554,Майкоп,Адыгея,Южный,143385
555,Майский,Кабардино-Балкария,Северо-Кавказский,26632
556,Макаров,Сахалинская область,Дальневосточный,5848
557,Макарьев,Костромская область,Центральный,5528
558,Макушино,Курганская область,Уральский,6827
559,Малая Вишера,Новгородская область,Северо-Западный,9996
560,Малгобек,Ингушетия,Северо-Кавказский,36480
561,Малмыж,Кировская область,Приволжский,6931
562,Малоархангельск,Орловская область,Центральный,3609
563,Малоярославец,Калужская область,Центральный,41836
564,Мамадыш,Татарстан,Приволжский,15726
565,Мамоново,Калининградская область,Северо-Западный,8314
566,Мантурово,Костромская область,Центральный,13043
567,Мариинск,Кемеровская область,Сибирский,40779
568,Мариинский Посад,Чувашия,Приволжский,7851
569,Маркс,Саратовская область,Приволжский,28749
570,Махачкала,Дагестан,Северо-Кавказский,623254
571,Мглин,Брянская область,Центральный,6919
572,Мегион,Ханты-Мансийский АО,Уральский,52887
573,Медвежьегорск,Карелия,Северо-Западный,11962
574,Медногорск,Оренбургская область,Приволжский,23693
575,Медынь,Калужская область,Центральный,8200
576,Межгорье,Башкортостан,Приволжский,15697
577,Междуреченск,Кемеровская область,Сибирский,96174
578,Мезень,Архангельская область,Северо-Западный,2874
579,Меленки,Владимирская область,Центральный,13407
580,Мелеуз,Башкортостан,Приволжский,56505
581,Менделеевск,Татарстан,Приволжский,22875
582,Мензелинск,Татарстан,Приволжский,16008
583,Мещовск,Калужская область,Центральный,3810
584,Миасс,Челябинская область,Уральский,147995
585,Микунь,Коми,Северо-Западный,8527
586,Миллерово,Ростовская область,Южный,34841
587,Минеральные Воды,Ставропольский край,Северо-Кавказский,70485
588,Минусинск,Красноярский край,Сибирский,70089
589,Миньяр,Челябинская область,Уральский,8500
591,Мирный,Архангельская область,Северо-Западный,27262
590,Мирный,Якутия,Дальневосточный,34045
592,Михайлов,Рязанская область,Центральный,10303
593,Михайловка,Волгоградская область,Южный,56031
595,Михайловск,Ставропольский край,Северо-Кавказский,114133
594,Михайловск,Свердловская область,Уральский,9756
596,Мичуринск,Тамбовская область,Центральный,90451
597,Могоча,Забайкальский край,Сибирский,12390
598,Можайск,Московская область,Центральный,33880
599,Можга,Удмуртия,Приволжский,44345
600,Моздок,Северная Осетия,Северо-Кавказский,36784
601,Мончегорск,Мурманская область,Северо-Западный,39962
602,Морозовск,Ростовская область,Южный,24258
603,Моршанск,Тамбовская область,Центральный,39023
604,Мосальск,Калужская область,Центральный,4234
605,Москва,Москва,Центральный,13010112
1126,Московский,Москва,Центральный,65417
606,Муравленко,Ямало-Ненецкий АО,Уральский,29233
607,Мураши,Кировская область,Приволжский,5700
608,Мурино,Ленинградская область,Северо-Западный,89083
609,Мурманск,Мурманская область,Северо-Западный,270384
610,Муром,Владимирская область,Центральный,107497
611,Мценск,Орловская область,Центральный,36960
612,Мыски,Кемеровская область,Сибирский,40109
613,Мытищи,Московская область,Центральный,255429
614,Мышкин,Ярославская область,Центральный,5621
615,Набережные Челны,Татарстан,Приволжский,548434
616,Навашино,Нижегородская область,Приволжский,14664
617,Наволоки,Ивановская область,Центральный,8167
618,Надым,Ямало-Ненецкий АО,Уральский,45973
619,Назарово,Красноярский край,Сибирский,45333
620,Назрань,Ингушетия,Северо-Кавказский,122350
621,Называевск,Омская область,Сибирский,10434
622,Нальчик,Кабардино-Балкария,Северо-Кавказский,247054
623,Нариманов,Астраханская область,Южный,11104
624,Наро-Фоминск,Московская область,Центральный,71121
625,Нарткала,Кабардино-Балкария,Северо-Кавказский,33203
626,Нарьян-Мар,Ненецкий АО,Северо-Западный,23399
627,Находка,Приморский край,Дальневосточный,139931
628,Невель,Псковская область,Северо-Западный,13980
629,Невельск,Сахалинская область,Дальневосточный,10608
630,Невинномысск,Ставропольский край,Северо-Кавказский,117562
631,Невьянск,Свердловская область,Уральский,22061
632,Нелидово,Тверская область,Центральный,18603
633,Неман,Калининградская область,Северо-Западный,9255
634,Нерехта,Костромская область,Центральный,19977
635,Нерчинск,Забайкальский край,Сибирский,15290
636,Нерюнгри,Якутия,Дальневосточный,53409
637,Нестеров,Калининградская область,Северо-Западный,3336
638,Нефтегорск,Самарская область,Приволжский,18076
639,Нефтекамск,Башкортостан,Приволжский,131942
640,Нефтекумск,Ставропольский край,Северо-Кавказский,23137
641,Нефтеюганск,Ханты-Мансийский АО,Уральский,124732
642,Нея,Костромская область,Центральный,7816
643,Нижневартовск,Ханты-Мансийский АО,Уральский,283256
644,Нижнекамск,Татарстан,Приволжский,241479
645,Нижнеудинск,Иркутская область,Сибирский,29995
646,Нижние Серги,Свердловская область,Уральский,8009
647,Нижний Ломов,Пензенская область,Приволжский,20421
648,Нижний Новгород,Нижегородская область,Приволжский,1226076
649,Нижний Тагил,Свердловская область,Уральский,338966
650,Нижняя Салда,Свердловская область,Уральский,16505
651,Нижняя Тура,Свердловская область,Уральский,18392
652,Николаевск,Волгоградская область,Южный,13460
653,Николаевск-на-Амуре,Хабаровский край,Дальневосточный,18631
655,Никольск,Пензенская область,Приволжский,19873
654,Никольск,Вологодская область,Северо-Западный,7661
656,Никольское,Ленинградская область,Северо-Западный,22355
657,Новая Ладога,Ленинградская область,Северо-Западный,7432
658,Новая Ляля,Свердловская область,Уральский,10684
659,Новоалександровск,Ставропольский край,Северо-Кавказский,26767
660,Новоалтайск,Алтайский край,Сибирский,73049
661,Новоаннинский,Волгоградская область,Южный,15351
662,Нововоронеж,Воронежская область,Центральный,30658
663,Новодвинск,Архангельская область,Северо-Западный,33294
664,Новозыбков,Брянская область,Центральный,38680
665,Новокубанск,Краснодарский край,Южный,34000
666,Новокузнецк,Кемеровская область,Сибирский,537480
667,Новокуйбышевск,Самарская область,Приволжский,98306
668,Новомичуринск,Рязанская область,Центральный,16900
669,Новомосковск,Тульская область,Центральный,119697
670,Новопавловск,Ставропольский край,Северо-Кавказский,20781
671,Новоржев,Псковская область,Северо-Западный,3222
672,Новороссийск,Краснодарский край,Южный,262293
673,Новосибирск,Новосибирская область,Сибирский,1633595
674,Новосиль,Орловская область,Центральный,2912
675,Новосокольники,Псковская область,Северо-Западный,6895
676,Новотроицк,Оренбургская область,Приволжский,75960
677,Новоузенск,Саратовская область,Приволжский,15216
678,Новоульяновск,Ульяновская область,Приволжский,13673
679,Новоуральск,Свердловская область,Уральский,78479
680,Новохопёрск,Воронежская область,Центральный,5948
681,Новочебоксарск,Чувашия,Приволжский,120375
682,Новочеркасск,Ростовская область,Южный,163674
683,Новошахтинск,Ростовская область,Южный,103480
684,Новый Оскол,Белгородская область,Центральный,18359
685,Новый Уренгой,Ямало-Ненецкий АО,Уральский,107251
686,Ногинск,Московская область,Центральный,103891
687,Нолинск,Кировская область,Приволжский,8262
688,Норильск,Красноярский край,Сибирский,174453
689,Ноябрьск,Ямало-Ненецкий АО,Уральский,100188
690,Нурлат,Татарстан,Приволжский,33990
691,Нытва,Пермский край,Приволжский,16675
692,Нюрба,Якутия,Дальневосточный,10138
693,Нягань,Ханты-Мансийский АО,Уральский,63034
694,Нязепетровск,Челябинская область,Уральский,10379
695,Няндома,Архангельская область,Северо-Западный,18473
696,Облучье,Еврейская АО,Дальневосточный,7959
697,Обнинск,Калужская область,Центральный,125376
698,Обоянь,Курская область,Центральный,11844
699,Обь,Новосибирская область,Сибирский,30369
700,Одинцово,Московская область,Центральный,180530
701,Озёрск,Калининградская область,Северо-Западный,4152
702,Озёрск,Челябинская область,Уральский,76896
703,Озёры,Московская область,Центральный,24359
704,Октябрьск,Самарская область,Приволжский,20703
705,Октябрьский,Башкортостан,Приволжский,115557
706,Окуловка,Новгородская область,Северо-Западный,9949
708,Оленегорск,Мурманская область,Северо-Западный,21438
709,Олонец,Карелия,Северо-Западный,7663
707,Олёкминск,Якутия,Дальневосточный,8398
710,Омск,Омская область,Сибирский,1125695
711,Омутнинск,Кировская область,Приволжский,19629
712,Онега,Архангельская область,Северо-Западный,16947
713,Опочка,Псковская область,Северо-Западный,9928
715,Оренбург,Оренбургская область,Приволжский,543654
716,Орехово-Зуево,Московская область,Центральный,105745
717,Орлов,Кировская область,Приволжский,5508
718,Орск,Оренбургская область,Приволжский,189195
714,Орёл,Орловская область,Центральный,303169
719,Оса,Пермский край,Приволжский,19523
720,Осинники,Кемеровская область,Сибирский,40367
721,Осташков,Тверская область,Центральный,16674
722,Остров,Псковская область,Северо-Западный,20923
723,Островной,Мурманская область,Северо-Западный,1487
724,Острогожск,Воронежская область,Центральный,31699
725,Отрадное,Ленинградская область,Северо-Западный,25706
726,Отрадный,Самарская область,Приволжский,46984
727,Оха,Сахалинская область,Дальневосточный,20357
728,Оханск,Пермский край,Приволжский,6430
729,Очёр,Пермский край,Приволжский,14385
730,Павлово,Нижегородская область,Приволжский,57116
1127,Павловск,Санкт-Петербург,Северо-Западный,17
731,Павловск,Воронежская область,Центральный,22384
732,Павловский Посад,Московская область,Центральный,65098
733,Палласовка,Волгоградская область,Южный,14966
734,Партизанск,Приморский край,Дальневосточный,33832
735,Певек,Чукотский АО,Дальневосточный,4015
736,Пенза,Пензенская область,Приволжский,501109
737,Первомайск,Нижегородская область,Приволжский,13223
738,Первоуральск,Свердловская область,Уральский,114450
739,Перевоз,Нижегородская область,Приволжский,8999
740,Пересвет,Московская область,Центральный,11752
741,Переславль-Залесский,Ярославская область,Центральный,37738
742,Пермь,Пермский край,Приволжский,1034002
743,Пестово,Новгородская область,Северо-Западный,14032
1128,Петергоф,Санкт-Петербург,Северо-Западный,80
744,Петров Вал,Волгоградская область,Южный,12526
745,Петровск,Саратовская область,Приволжский,26319
746,Петровск-Забайкальский,Забайкальский край,Сибирский,15015
747,Петрозаводск,Карелия,Северо-Западный,234897
748,Петропавловск-Камчатский,Камчатский край,Дальневосточный,164900
749,Петухово,Курганская область,Уральский,8502
750,Петушки,Владимирская область,Центральный,13317
751,Печора,Коми,Северо-Западный,35254
752,Печоры,Псковская область,Северо-Западный,10247
753,Пикалёво,Ленинградская область,Северо-Западный,20388
754,Пионерский,Калининградская область,Северо-Западный,12794
755,Питкяранта,Карелия,Северо-Западный,8340
756,Плавск,Тульская область,Центральный,16893
757,Пласт,Челябинская область,Уральский,18379
758,Плёс,Ивановская область,Центральный,1896
759,Поворино,Воронежская область,Центральный,16417
760,Подольск,Московская область,Центральный,314934
761,Подпорожье,Ленинградская область,Северо-Западный,16123
762,Покачи,Ханты-Мансийский АО,Уральский,16040
763,Покров,Владимирская область,Центральный,17747
764,Покровск,Якутия,Дальневосточный,12021
765,Полевской,Свердловская область,Уральский,55182
766,Полесск,Калининградская область,Северо-Западный,6926
767,Полысаево,Кемеровская область,Сибирский,25631
768,Полярные Зори,Мурманская область,Северо-Западный,14146
769,Полярный,Мурманская область,Северо-Западный,12293
770,Поронайск,Сахалинская область,Дальневосточный,16026
771,Порхов,Псковская область,Северо-Западный,7309
772,Похвистнево,Самарская область,Приволжский,27333
773,Почеп,Брянская область,Центральный,14991
774,Починок,Смоленская область,Центральный,7575
775,Пошехонье,Ярославская область,Центральный,5150
776,Правдинск,Калининградская область,Северо-Западный,3986
777,Приволжск,Ивановская область,Центральный,14332
778,Приморск,Калининградская область,Северо-Западный,1436
779,Приморск,Ленинградская область,Северо-Западный,6537
780,Приморско-Ахтарск,Краснодарский край,Южный,31087
781,Приозерск,Ленинградская область,Северо-Западный,18777
782,Прокопьевск,Кемеровская область,Сибирский,177819
783,Пролетарск,Ростовская область,Южный,18983
784,Протвино,Московская область,Центральный,37735
785,Прохладный,Кабардино-Балкария,Северо-Кавказский,59938
786,Псков,Псковская область,Северо-Западный,193082
787,Пугачёв,Саратовская область,Приволжский,40127
788,Пудож,Карелия,Северо-Западный,7356
789,Пустошка,Псковская область,Северо-Западный,4070
790,Пучеж,Ивановская область,Центральный,6879
1129,Пушкин,Санкт-Петербург,Северо-Западный,107
791,Пушкино,Московская область,Центральный,110868
792,Пущино,Московская область,Центральный,19578
793,Пыталово,Псковская область,Северо-Западный,5263
794,Пыть-Ях,Ханты-Мансийский АО,Уральский,40180
795,Пятигорск,Ставропольский край,Северо-Кавказский,146473
796,Радужный,Владимирская область,Центральный,17569
797,Радужный,Ханты-Мансийский АО,Уральский,43577
798,Райчихинск,Амурская область,Дальневосточный,15797
799,Раменское,Московская область,Центральный,114537
800,Рассказово,Тамбовская область,Центральный,47644
801,Ревда,Свердловская область,Уральский,60200
802,Реж,Свердловская область,Уральский,36585
803,Реутов,Московская область,Центральный,113871
804,Ржев,Тверская область,Центральный,55757
805,Родники,Ивановская область,Центральный,24101
806,Рославль,Смоленская область,Центральный,45416
807,Россошь,Воронежская область,Центральный,60879
809,Ростов,Ярославская область,Центральный,28122
808,Ростов-на-Дону,Ростовская область,Южный,1142162
810,Рошаль,Московская область,Центральный,21401
811,Ртищево,Саратовская область,Приволжский,37850
812,Рубцовск,Алтайский край,Сибирский,126834
813,Рудня,Смоленская область,Центральный,8908
814,Руза,Московская область,Центральный,16014
815,Рузаевка,Мордовия,Приволжский,42989
816,Рыбинск,Ярославская область,Центральный,177295
817,Рыбное,Рязанская область,Центральный,21069
818,Рыльск,Курская область,Центральный,15069
819,Ряжск,Рязанская область,Центральный,20634
820,Рязань,Рязанская область,Центральный,528599
821,Сакине призн.,Крым,Южный,24285
822,Салават,Башкортостан,Приволжский,148575
823,Салаир,Кемеровская область,Сибирский,7088
824,Салехард,Ямало-Ненецкий АО,Уральский,47910
825,Сальск,Ростовская область,Южный,57937
826,Самара,Самарская область,Приволжский,1173299
827,Санкт-Петербург,Санкт-Петербург,Северо-Западный,5601911
828,Саранск,Мордовия,Приволжский,314871
829,Сарапул,Удмуртия,Приволжский,91115
830,Саратов,Саратовская область,Приволжский,901361
831,Саров,Нижегородская область,Приволжский,93357
832,Сасово,Рязанская область,Центральный,21628
833,Сатка,Челябинская область,Уральский,42597
834,Сафоново,Смоленская область,Центральный,38403
835,Саяногорск,Хакасия,Сибирский,44872
836,Саянск,Иркутская область,Сибирский,35561
837,Светлогорск,Калининградская область,Северо-Западный,16207
838,Светлоград,Ставропольский край,Северо-Кавказский,35703
839,Светлый,Калининградская область,Северо-Западный,21114
840,Светогорск,Ленинградская область,Северо-Западный,13784
841,Свирск,Иркутская область,Сибирский,15485
842,Свободный,Амурская область,Дальневосточный,48517
843,Себеж,Псковская область,Северо-Западный,6246
844,Севастопольне призн.,Севастополь,Южный,547820
845,Северо-Курильск,Сахалинская область,Дальневосточный,2374
846,Северобайкальск,Бурятия,Сибирский,24233
847,Северодвинск,Архангельская область,Северо-Западный,157213
848,Североморск,Мурманская область,Северо-Западный,43327
849,Североуральск,Свердловская область,Уральский,24428
850,Северск,Томская область,Сибирский,106648
851,Севск,Брянская область,Центральный,6732
852,Сегежа,Карелия,Северо-Западный,23543
853,Сельцо,Брянская область,Центральный,15906
855,Семикаракорск,Ростовская область,Южный,21719
856,Семилуки,Воронежская область,Центральный,27938
854,Семёнов,Нижегородская область,Приволжский,25075
857,Сенгилей,Ульяновская область,Приволжский,6407
858,Серафимович,Волгоградская область,Южный,8633
859,Сергач,Нижегородская область,Приволжский,20256
860,Сергиев Посад,Московская область,Центральный,101756
861,Сердобск,Пензенская область,Приволжский,30220
862,Серов,Свердловская область,Уральский,94211
863,Серпухов,Московская область,Центральный,133793
864,Сертолово,Ленинградская область,Северо-Западный,68241
1130,Сестрорецк,Санкт-Петербург,Северо-Западный,45192
865,Сибай,Башкортостан,Приволжский,56514
866,Сим,Челябинская область,Уральский,12858
867,Симферопольне призн.,Крым,Южный,340540
868,Сковородино,Амурская область,Дальневосточный,7057
869,Скопин,Рязанская область,Центральный,25238
870,Славгород,Алтайский край,Сибирский,27900
871,Славск,Калининградская область,Северо-Западный,4153
872,Славянск-на-Кубани,Краснодарский край,Южный,62985
873,Сланцы,Ленинградская область,Северо-Западный,34628
874,Слободской,Кировская область,Приволжский,29148
875,Слюдянка,Иркутская область,Сибирский,18058
876,Смоленск,Смоленская область,Центральный,316570
877,Снежинск,Челябинская область,Уральский,50619
878,Снежногорск,Мурманская область,Северо-Западный,9942
879,Собинка,Владимирская область,Центральный,17444
880,Советск,Калининградская область,Северо-Западный,38910
882,Советск,Тульская область,Центральный,7889
881,Советск,Кировская область,Приволжский,14626
883,Советская Гавань,Хабаровский край,Дальневосточный,24231
884,Советский,Ханты-Мансийский АО — Югра,Уральский,31138
885,Сокол,Вологодская область,Северо-Западный,34742
886,Солигалич,Костромская область,Центральный,5534
887,Соликамск,Пермский край,Приволжский,89473
888,Солнечногорск,Московская область,Центральный,48413
889,Соль-Илецк,Оренбургская область,Приволжский,26149
890,Сольвычегодск,Архангельская область,Северо-Западный,1952
891,Сольцы,Новгородская область,Северо-Западный,8449
892,Сорочинск,Оренбургская область,Приволжский,28478
893,Сорск,Хакасия,Сибирский,10124
894,Сортавала,Карелия,Северо-Западный,14867
895,Сосенский,Калужская область,Центральный,11413
896,Сосновка,Кировская область,Приволжский,8428
897,Сосновоборск,Красноярский край,Сибирский,40442
898,Сосновый Бор,Ленинградская область,Северо-Западный,65367
899,Сосногорск,Коми,Северо-Западный,22189
900,Сочи,Краснодарский край,Южный,466078
901,Спас-Деменск,Калужская область,Центральный,4569
902,Спас-Клепики,Рязанская область,Центральный,4743
903,Спасск,Пензенская область,Приволжский,6936
904,Спасск-Дальний,Приморский край,Дальневосточный,35732
905,Спасск-Рязанский,Рязанская область,Центральный,5796
906,Среднеколымск,Якутия,Дальневосточный,3131
907,Среднеуральск,Свердловская область,Уральский,23344
908,Сретенск,Забайкальский край,Сибирский,6093
909,Ставрополь,Ставропольский край,Северо-Кавказский,547443
910,Старая Купавна,Московская область,Центральный,22898
911,Старая Русса,Новгородская область,Северо-Западный,27487
912,Старица,Тверская область,Центральный,6938
913,Стародуб,Брянская область,Центральный,17687
914,Старый Крымне призн.,Крым,Южный,10470
915,Старый Оскол,Белгородская область,Центральный,221676
916,Стерлитамак,Башкортостан,Приволжский,277410
917,Стрежевой,Томская область,Сибирский,39169
918,Строитель,Белгородская область,Центральный,23780
919,Струнино,Владимирская область,Центральный,11774
920,Ступино,Московская область,Центральный,64412
921,Суворов,Тульская область,Центральный,17598
922,Судакне призн.,Крым,Южный,17834
923,Суджа,Курская область,Центральный,5127
924,Судогда,Владимирская область,Центральный,10408
925,Суздаль,Владимирская область,Центральный,9286
926,Сунжа,Ингушетия,Северо-Кавказский,62078
927,Суоярви,Карелия,Северо-Западный,7190
928,Сураж,Брянская область,Центральный,11176
929,Сургут,Ханты-Мансийский АО,Уральский,396443
930,Суровикино,Волгоградская область,Южный,18227
931,Сурск,Пензенская область,Приволжский,6034
932,Сусуман,Магаданская область,Дальневосточный,4439
933,Сухиничи,Калужская область,Центральный,14806
934,Сухой Лог,Свердловская область,Уральский,32748
935,Сызрань,Самарская область,Приволжский,165725
936,Сыктывкар,Коми,Северо-Западный,220580
937,Сысерть,Свердловская область,Уральский,20634
938,Сычёвка,Смоленская область,Центральный,7544
939,Сясьстрой,Ленинградская область,Северо-Западный,12566
940,Тавда,Свердловская область,Уральский,32749
941,Таганрог,Ростовская область,Южный,245120
942,Тайга,Кемеровская область,Сибирский,22375
943,Тайшет,Иркутская область,Сибирский,34491
944,Талдом,Московская область,Центральный,17317
945,Талица,Свердловская область,Уральский,14808
946,Тамбов,Тамбовская область,Центральный,261803
947,Тара,Омская область,Сибирский,26878
948,Тарко-Сале,Ямало-Ненецкий АО,Уральский,19900
949,Таруса,Калужская область,Центральный,9918
950,Татарск,Новосибирская область,Сибирский,23711
951,Таштагол,Кемеровская область,Сибирский,21980
952,Тверь,Тверская область,Центральный,416219
953,Теберда,Карачаево-Черкесия,Северо-Кавказский,9020
954,Тейково,Ивановская область,Центральный,31305
955,Темников,Мордовия,Приволжский,6451
956,Темрюк,Краснодарский край,Южный,41608
957,Терек,Кабардино-Балкария,Северо-Кавказский,19948
958,Тетюши,Татарстан,Приволжский,10535
959,Тимашёвск,Краснодарский край,Южный,51858
960,Тихвин,Ленинградская область,Северо-Западный,55415
961,Тихорецк,Краснодарский край,Южный,55686
962,Тобольск,Тюменская область,Уральский,100352
963,Тогучин,Новосибирская область,Сибирский,20766
964,Тольятти,Самарская область,Приволжский,684709
965,Томари,Сахалинская область,Дальневосточный,4313
966,Томмот,Якутия,Дальневосточный,6440
967,Томск,Томская область,Сибирский,556478
968,Топки,Кемеровская область,Сибирский,27158
969,Торжок,Тверская область,Центральный,41116
970,Торопец,Тверская область,Центральный,11441
971,Тосно,Ленинградская область,Северо-Западный,34066
972,Тотьма,Вологодская область,Северо-Западный,8669
974,Троицк,Челябинская область,Уральский,70301
1131,Троицк,Москва,Центральный,65043
975,Трубчевск,Брянская область,Центральный,13287
973,Трёхгорный,Челябинская область,Уральский,32463
976,Туапсе,Краснодарский край,Южный,61571
977,Туймазы,Башкортостан,Приволжский,68349
978,Тула,Тульская область,Центральный,473622
979,Тулун,Иркутская область,Сибирский,38440
980,Туран,Тыва,Сибирский,5044
981,Туринск,Свердловская область,Уральский,16561
982,Тутаев,Ярославская область,Центральный,39643
983,Тында,Амурская область,Дальневосточный,28625
984,Тырныауз,Кабардино-Балкария,Северо-Кавказский,22056
985,Тюкалинск,Омская область,Сибирский,9894
986,Тюмень,Тюменская область,Уральский,847488
987,Уварово,Тамбовская область,Центральный,23584
988,Углегорск,Сахалинская область,Дальневосточный,8041
989,Углич,Ярославская область,Центральный,32719
990,Удачный,Якутия,Дальневосточный,12930
991,Удомля,Тверская область,Центральный,25950
992,Ужур,Красноярский край,Сибирский,14134
993,Узловая,Тульская область,Центральный,49427
994,Улан-Удэ,Бурятия,Сибирский,437565
995,Ульяновск,Ульяновская область,Приволжский,617352
996,Унеча,Брянская область,Центральный,24274
997,Урай,Ханты-Мансийский АО,Уральский,41315
998,Урень,Нижегородская область,Приволжский,12450
999,Уржум,Кировская область,Приволжский,8448
1000,Урус-Мартан,Чечня,Северо-Кавказский,63449
1001,Урюпинск,Волгоградская область,Южный,36669
1002,Усинск,Коми,Северо-Западный,32182
1003,Усмань,Липецкая область,Центральный,19662
1005,Усолье,Пермский край,Приволжский,6619
1004,Усолье-Сибирское,Иркутская область,Сибирский,74762
1006,Уссурийск,Приморский край,Дальневосточный,180393
1007,Усть-Джегута,Карачаево-Черкесия,Северо-Кавказский,31137
1008,Усть-Илимск,Иркутская область,Сибирский,79570
1009,Усть-Катав,Челябинская область,Уральский,21439
1010,Усть-Кут,Иркутская область,Сибирский,36918
1011,Усть-Лабинск,Краснодарский край,Южный,40158
1012,Устюжна,Вологодская область,Северо-Западный,7843
1013,Уфа,Башкортостан,Приволжский,1144809
1014,Ухта,Коми,Северо-Западный,79899
1015,Учалы,Башкортостан,Приволжский,36175
1016,Уяр,Красноярский край,Сибирский,12036
1017,Фатеж,Курская область,Центральный,4691
1018,Феодосияне призн.,Крым,Южный,66293
1020,Фокино,Приморский край,Дальневосточный,19711
1019,Фокино,Брянская область,Центральный,12538
1021,Фролово,Волгоградская область,Южный,35661
1022,Фрязино,Московская область,Центральный,60580
1023,Фурманов,Ивановская область,Центральный,29715
1024,Хабаровск,Хабаровский край,Дальневосточный,617441
1025,Хадыженск,Краснодарский край,Южный,22094
1026,Ханты-Мансийск,Ханты-Мансийский АО — Югра,Уральский,107473
1027,Харабали,Астраханская область,Южный,18514
1028,Харовск,Вологодская область,Северо-Западный,8389
1029,Хасавюрт,Дагестан,Северо-Кавказский,155144
1030,Хвалынск,Саратовская область,Приволжский,12042
1031,Хилок,Забайкальский край,Сибирский,9948
1032,Химки,Московская область,Центральный,257128
1033,Холм,Новгородская область,Северо-Западный,3214
1034,Холмск,Сахалинская область,Дальневосточный,25677
1035,Хотьково,Московская область,Центральный,20466
1036,Цивильск,Чувашия,Приволжский,12762
1037,Цимлянск,Ростовская область,Южный,14731
1038,Циолковский,Амурская область,Дальневосточный,7194
1039,Чадан,Тыва,Сибирский,9732
1040,Чайковский,Пермский край,Приволжский,75837
1041,Чапаевск,Самарская область,Приволжский,70228
1042,Чаплыгин,Липецкая область,Центральный,11579
1043,Чебаркуль,Челябинская область,Уральский,44693
1044,Чебоксары,Чувашия,Приволжский,497807
1045,Чегем,Кабардино-Балкария,Северо-Кавказский,20736
1046,Чекалин,Тульская область,Центральный,935
1047,Челябинск,Челябинская область,Уральский,1189525
1048,Чердынь,Пермский край,Приволжский,4590
1049,Черемхово,Иркутская область,Сибирский,53958
1050,Черепаново,Новосибирская область,Сибирский,19900
1051,Череповец,Вологодская область,Северо-Западный,305185
1052,Черкесск,Карачаево-Черкесия,Северо-Кавказский,113226
1054,Черноголовка,Московская область,Центральный,19530
1055,Черногорск,Хакасия,Сибирский,75745
1056,Чернушка,Пермский край,Приволжский,32991
1057,Черняховск,Калининградская область,Северо-Западный,36128
1058,Чехов,Московская область,Центральный,89025
1059,Чистополь,Татарстан,Приволжский,58815
1060,Чита,Забайкальский край,Сибирский,334427
1061,Чкаловск,Нижегородская область,Приволжский,11535
1062,Чудово,Новгородская область,Северо-Западный,14302
1063,Чулым,Новосибирская область,Сибирский,11034
1064,Чусовой,Пермский край,Приволжский,45471
1065,Чухлома,Костромская область,Центральный,4252
1053,Чёрмоз,Пермский край,Приволжский,3044
1066,Шагонар,Тыва,Сибирский,11772
1067,Шадринск,Курганская область,Уральский,68609
1068,Шали,Чечня,Северо-Кавказский,55054
1069,Шарыпово,Красноярский край,Сибирский,33961
1070,Шарья,Костромская область,Центральный,20439
1071,Шатура,Московская область,Центральный,38230
1072,Шахты,Ростовская область,Южный,226452
1073,Шахунья,Нижегородская область,Приволжский,17626
1074,Шацк,Рязанская область,Центральный,5927
1075,Шебекино,Белгородская область,Центральный,39680
1076,Шелехов,Иркутская область,Сибирский,41998
1077,Шенкурск,Архангельская область,Северо-Западный,4600
1078,Шилка,Забайкальский край,Сибирский,12046
1079,Шимановск,Амурская область,Дальневосточный,16488
1080,Шиханы,Саратовская область,Приволжский,5155
1081,Шлиссельбург,Ленинградская область,Северо-Западный,14131
1082,Шумерля,Чувашия,Приволжский,26873
1083,Шумиха,Курганская область,Уральский,16264
1084,Шуя,Ивановская область,Центральный,55225
1132,Щербинка,Москва,Центральный,56531
1088,Щигры,Курская область,Центральный,14927
1089,Щучье,Курганская область,Уральский,8252
1085,Щёкино,Тульская область,Центральный,55109
1086,Щёлкиноне призн.,Крым,Южный,10131
1087,Щёлково,Московская область,Центральный,134211
1090,Электрогорск,Московская область,Центральный,29982
1091,Электросталь,Московская область,Центральный,146403
1092,Электроугли,Московская область,Центральный,17944
1093,Элиста,Калмыкия,Южный,102583
1094,Энгельс,Саратовская область,Приволжский,225428
1095,Эртиль,Воронежская область,Центральный,10024
1096,Югорск,Ханты-Мансийский АО,Уральский,38238
1097,Южа,Ивановская область,Центральный,12957
1098,Южно-Сахалинск,Сахалинская область,Дальневосточный,181587
1099,Южно-Сухокумск,Дагестан,Северо-Кавказский,10503
1100,Южноуральск,Челябинская область,Уральский,37478
1101,Юрга,Кемеровская область,Сибирский,79693
1102,Юрьев-Польский,Владимирская область,Центральный,17276
1103,Юрьевец,Ивановская область,Центральный,7899
1104,Юрюзань,Челябинская область,Уральский,10284
1105,Юхнов,Калужская область,Центральный,6610
1106,Ядрин,Чувашия,Приволжский,7918
1107,Якутск,Якутия,Дальневосточный,355443
1108,Ялтане призн.,Крым,Южный,74652
1109,Ялуторовск,Тюменская область,Уральский,38853
1110,Янаул,Башкортостан,Приволжский,25908
1111,Яранск,Кировская область,Приволжский,14284
1112,Яровое,Алтайский край,Сибирский,16424
1113,Ярославль,Ярославская область,Центральный,577279
1114,Ярцево,Смоленская область,Центральный,41452
1115,Ясногорск,Тульская область,Центральный,15269
1116,Ясный,Оренбургская область,Приволжский,15471
1117,Яхрома,Московская область,Центральный,14011
